"location","target","target_end_date","forecast_date","model","location_name","median","lower_50","upper_50","lower_95","upper_95","observed"
"US","0 wk inc flu hosp",2024-11-23,2024-11-23,"FluSight-ensemble","National","3697",3038,4269,2331,5448,3092
"US","1 wk inc flu hosp",2024-11-30,2024-11-23,"FluSight-ensemble","National","4571",3541,6005,2239,7276,4277
"US","2 wk inc flu hosp",2024-12-07,2024-11-23,"FluSight-ensemble","National","5367",3880,6539,2052,9348,6288
"US","3 wk inc flu hosp",2024-12-14,2024-11-23,"FluSight-ensemble","National","5702",4495,7210,2027,12818,9166
"US","0 wk inc flu hosp",2024-11-30,2024-11-30,"FluSight-ensemble","National","3947",3576,4579,2701,6252,4277
"US","1 wk inc flu hosp",2024-12-07,2024-11-30,"FluSight-ensemble","National","4727",3916,5796,2042,8353,6288
"US","2 wk inc flu hosp",2024-12-14,2024-11-30,"FluSight-ensemble","National","5415",4031,6929,2403,10724,9166
"US","3 wk inc flu hosp",2024-12-21,2024-11-30,"FluSight-ensemble","National","6248",4224,8271,2323,13970,15429
"US","0 wk inc flu hosp",2024-12-07,2024-12-07,"FluSight-ensemble","National","4780",4150,5457,2819,7166,6288
"US","1 wk inc flu hosp",2024-12-14,2024-12-07,"FluSight-ensemble","National","5923",4784,7103,3180,9517,9166
"US","2 wk inc flu hosp",2024-12-21,2024-12-07,"FluSight-ensemble","National","7080",5678,8929,3311,13071,15429
"US","3 wk inc flu hosp",2024-12-28,2024-12-07,"FluSight-ensemble","National","8015",6026,9807,3126,15535,27682
"US","0 wk inc flu hosp",2024-12-14,2024-12-14,"FluSight-ensemble","National","6907",5822,7565,4344,9169,9166
"US","1 wk inc flu hosp",2024-12-21,2024-12-14,"FluSight-ensemble","National","8635",6939,9742,4632,12572,15429
"US","2 wk inc flu hosp",2024-12-28,2024-12-14,"FluSight-ensemble","National","9441",7501,11521,5037,15733,27682
"US","3 wk inc flu hosp",2025-01-04,2024-12-14,"FluSight-ensemble","National","9659",7623,12284,4988,19001,38691
"US","0 wk inc flu hosp",2024-12-21,2024-12-21,"FluSight-ensemble","National","10669",9068,12444,6666,15393,15429
"US","1 wk inc flu hosp",2024-12-28,2024-12-21,"FluSight-ensemble","National","12872",10479,14900,7297,19756,27682
"US","2 wk inc flu hosp",2025-01-04,2024-12-21,"FluSight-ensemble","National","13495",10852,16349,6855,22069,38691
"US","3 wk inc flu hosp",2025-01-11,2024-12-21,"FluSight-ensemble","National","12812",10232,16766,6572,23460,30751
"US","0 wk inc flu hosp",2024-12-28,2024-12-28,"FluSight-ensemble","National","15280",13338,16920,11122,21140,27682
"US","1 wk inc flu hosp",2025-01-04,2024-12-28,"FluSight-ensemble","National","16880",14503,19510,10243,25958,38691
"US","2 wk inc flu hosp",2025-01-11,2024-12-28,"FluSight-ensemble","National","17368",14232,20225,9276,30174,30751
"US","3 wk inc flu hosp",2025-01-18,2024-12-28,"FluSight-ensemble","National","16116",12990,20290,8409,29475,32985
"US","0 wk inc flu hosp",2025-01-04,2025-01-04,"FluSight-ensemble","National","25891",22477,28513,17196,36169,38691
"US","1 wk inc flu hosp",2025-01-11,2025-01-04,"FluSight-ensemble","National","26451",22761,31409,16729,40846,30751
"US","2 wk inc flu hosp",2025-01-18,2025-01-04,"FluSight-ensemble","National","24083",19270,29355,13372,42595,32985
"US","3 wk inc flu hosp",2025-01-25,2025-01-04,"FluSight-ensemble","National","23735",18711,29913,11087,42719,40605
"US","0 wk inc flu hosp",2025-01-11,2025-01-11,"FluSight-ensemble","National","39234",33759,43174,25945,50770,30751
"US","1 wk inc flu hosp",2025-01-18,2025-01-11,"FluSight-ensemble","National","36775",29572,43254,19701,55465,32985
"US","2 wk inc flu hosp",2025-01-25,2025-01-11,"FluSight-ensemble","National","33491",26317,38317,17784,49994,40605
"US","3 wk inc flu hosp",2025-02-01,2025-01-11,"FluSight-ensemble","National","27136",20891,35685,12652,47556,51211
"US","0 wk inc flu hosp",2025-01-18,2025-01-18,"FluSight-ensemble","National","26890",23314,31508,16165,39228,32985
"US","1 wk inc flu hosp",2025-01-25,2025-01-18,"FluSight-ensemble","National","25026",20110,29450,12351,38444,40605
"US","2 wk inc flu hosp",2025-02-01,2025-01-18,"FluSight-ensemble","National","21157",16962,27022,9163,37619,51211
"US","3 wk inc flu hosp",2025-02-08,2025-01-18,"FluSight-ensemble","National","19994",14330,24589,8498,37089,54274
"US","0 wk inc flu hosp",2025-02-01,2025-02-01,"FluSight-ensemble","National","34239",28995,37851,20802,46922,51211
"US","1 wk inc flu hosp",2025-02-08,2025-02-01,"FluSight-ensemble","National","31273",25191,37577,16397,50821,54274
"US","2 wk inc flu hosp",2025-02-15,2025-02-01,"FluSight-ensemble","National","29131",21674,36438,13069,53651,46329
"US","3 wk inc flu hosp",2025-02-22,2025-02-01,"FluSight-ensemble","National","26339",18101,34848,10841,51273,37871
"US","0 wk inc flu hosp",2025-02-15,2025-02-15,"FluSight-ensemble","National","45052",38273,51097,30423,60355,46329
"US","1 wk inc flu hosp",2025-02-22,2025-02-15,"FluSight-ensemble","National","40726",32448,48077,24458,63101,37871
"US","2 wk inc flu hosp",2025-03-01,2025-02-15,"FluSight-ensemble","National","37235",27006,42977,19599,63413,30811
"US","3 wk inc flu hosp",2025-03-08,2025-02-15,"FluSight-ensemble","National","34093",25110,39141,15825,60260,23986
"US","0 wk inc flu hosp",2025-02-08,2025-02-08,"FluSight-ensemble","National","44765",37665,51238,27922,62309,54274
"US","1 wk inc flu hosp",2025-02-15,2025-02-08,"FluSight-ensemble","National","41123",30780,50285,22559,66621,46329
"US","2 wk inc flu hosp",2025-02-22,2025-02-08,"FluSight-ensemble","National","37657",27946,49300,18843,69670,37871
"US","3 wk inc flu hosp",2025-03-01,2025-02-08,"FluSight-ensemble","National","33810",24274,42374,15176,65386,30811
"US","0 wk inc flu hosp",2025-02-22,2025-02-22,"FluSight-ensemble","National","38195",33113,42544,25899,52681,37871
"US","1 wk inc flu hosp",2025-03-01,2025-02-22,"FluSight-ensemble","National","33247",26505,37289,19360,51450,30811
"US","2 wk inc flu hosp",2025-03-08,2025-02-22,"FluSight-ensemble","National","29340",23720,34075,13650,52747,23986
"US","3 wk inc flu hosp",2025-03-15,2025-02-22,"FluSight-ensemble","National","24100",18124,31004,10668,52946,18393
"US","0 wk inc flu hosp",2025-03-15,2025-03-15,"FluSight-ensemble","National","18029",15576,20634,10793,27919,18393
"US","1 wk inc flu hosp",2025-03-22,2025-03-15,"FluSight-ensemble","National","14259",11580,17117,7949,25713,13642
"US","2 wk inc flu hosp",2025-03-29,2025-03-15,"FluSight-ensemble","National","11788",9139,15140,5443,26628,9686
"US","3 wk inc flu hosp",2025-04-05,2025-03-15,"FluSight-ensemble","National","10162",7609,12905,3290,25261,6802
"US","0 wk inc flu hosp",2025-03-01,2025-03-01,"FluSight-ensemble","National","31048",26153,34966,17526,45233,30811
"US","1 wk inc flu hosp",2025-03-08,2025-03-01,"FluSight-ensemble","National","26334",21546,29962,12184,46712,23986
"US","2 wk inc flu hosp",2025-03-15,2025-03-01,"FluSight-ensemble","National","22181",16957,25937,8982,44752,18393
"US","3 wk inc flu hosp",2025-03-22,2025-03-01,"FluSight-ensemble","National","18357",12611,23666,6088,47261,13642
"US","0 wk inc flu hosp",2025-03-08,2025-03-08,"FluSight-ensemble","National","24765",21572,27572,15232,35191,23986
"US","1 wk inc flu hosp",2025-03-15,2025-03-08,"FluSight-ensemble","National","20258",16367,23863,8717,35339,18393
"US","2 wk inc flu hosp",2025-03-22,2025-03-08,"FluSight-ensemble","National","16588",12860,20369,7279,32690,13642
"US","3 wk inc flu hosp",2025-03-29,2025-03-08,"FluSight-ensemble","National","13506",10273,17077,4786,29926,9686
"US","0 wk inc flu hosp",2025-03-22,2025-03-22,"FluSight-ensemble","National","14018",11909,15787,7856,20887,13642
"US","1 wk inc flu hosp",2025-03-29,2025-03-22,"FluSight-ensemble","National","11058",8460,14184,5182,20711,9686
"US","2 wk inc flu hosp",2025-04-05,2025-03-22,"FluSight-ensemble","National","9409",7002,12120,3631,20207,6802
"US","3 wk inc flu hosp",2025-04-12,2025-03-22,"FluSight-ensemble","National","7607",5511,9998,2233,20432,4944
"US","0 wk inc flu hosp",2025-03-29,2025-03-29,"FluSight-ensemble","National","9956",8180,11604,5380,16357,9686
"US","1 wk inc flu hosp",2025-04-05,2025-03-29,"FluSight-ensemble","National","7839",6095,9368,3081,14360,6802
"US","2 wk inc flu hosp",2025-04-12,2025-03-29,"FluSight-ensemble","National","5846",4197,7450,1717,15538,4944
"US","3 wk inc flu hosp",2025-04-19,2025-03-29,"FluSight-ensemble","National","4616",2837,6582,1087,13688,3871
"US","0 wk inc flu hosp",2025-04-05,2025-04-05,"FluSight-ensemble","National","7303",6068,8493,4272,12119,6802
"US","1 wk inc flu hosp",2025-04-12,2025-04-05,"FluSight-ensemble","National","5455",4207,6740,1819,11178,4944
"US","2 wk inc flu hosp",2025-04-19,2025-04-05,"FluSight-ensemble","National","4566",3013,5597,1090,11931,3871
"US","3 wk inc flu hosp",2025-04-26,2025-04-05,"FluSight-ensemble","National","3093",1586,4801,443,11076,3242
"US","0 wk inc flu hosp",2025-04-12,2025-04-12,"FluSight-ensemble","National","4947",3931,5903,2490,8628,4944
"US","1 wk inc flu hosp",2025-04-19,2025-04-12,"FluSight-ensemble","National","3575",2601,4785,1193,8086,3871
"US","2 wk inc flu hosp",2025-04-26,2025-04-12,"FluSight-ensemble","National","2849",1775,4169,731,8198,3242
"US","3 wk inc flu hosp",2025-05-03,2025-04-12,"FluSight-ensemble","National","2176",1207,3723,319,8267,2442
"US","0 wk inc flu hosp",2025-04-19,2025-04-19,"FluSight-ensemble","National","3318",2588,4316,1606,6065,3871
"US","1 wk inc flu hosp",2025-04-26,2025-04-19,"FluSight-ensemble","National","2603",1733,3621,879,5936,3242
"US","2 wk inc flu hosp",2025-05-03,2025-04-19,"FluSight-ensemble","National","2021",1184,2940,451,5801,2442
"US","3 wk inc flu hosp",2025-05-10,2025-04-19,"FluSight-ensemble","National","1626",720,2698,213,5581,2118
"US","0 wk inc flu hosp",2025-04-26,2025-04-26,"FluSight-ensemble","National","2702",2063,3542,1066,5178,3242
"US","1 wk inc flu hosp",2025-05-03,2025-04-26,"FluSight-ensemble","National","2141",1358,3178,502,4879,2442
"US","2 wk inc flu hosp",2025-05-10,2025-04-26,"FluSight-ensemble","National","1574",915,2828,277,5080,2118
"US","3 wk inc flu hosp",2025-05-17,2025-04-26,"FluSight-ensemble","National","1294",675,2749,189,5202,1852
"US","0 wk inc flu hosp",2025-05-03,2025-05-03,"FluSight-ensemble","National","2188",1725,2807,952,4124,2442
"US","1 wk inc flu hosp",2025-05-10,2025-05-03,"FluSight-ensemble","National","1815",1026,2605,440,4435,2118
"US","2 wk inc flu hosp",2025-05-17,2025-05-03,"FluSight-ensemble","National","1633",776,2306,226,4536,1852
"US","3 wk inc flu hosp",2025-05-24,2025-05-03,"FluSight-ensemble","National","1420",590,2080,194,4773,1689
"US","0 wk inc flu hosp",2025-05-10,2025-05-10,"FluSight-ensemble","National","1847",1414,2339,844,3413,2118
"US","1 wk inc flu hosp",2025-05-17,2025-05-10,"FluSight-ensemble","National","1548",1054,2180,378,3962,1852
"US","2 wk inc flu hosp",2025-05-24,2025-05-10,"FluSight-ensemble","National","1242",788,2035,232,4201,1689
"US","3 wk inc flu hosp",2025-05-31,2025-05-10,"FluSight-ensemble","National","1232",533,1962,181,4018,1809
"US","0 wk inc flu hosp",2025-05-17,2025-05-17,"FluSight-ensemble","National","1698",1281,2059,883,3097,1852
"US","1 wk inc flu hosp",2025-05-24,2025-05-17,"FluSight-ensemble","National","1389",966,1965,604,3589,1689
"US","2 wk inc flu hosp",2025-05-31,2025-05-17,"FluSight-ensemble","National","1178",648,1898,302,3909,1809
"US","3 wk inc flu hosp",2025-06-07,2025-05-17,"FluSight-ensemble","National","1073",455,1876,123,4155,1497
"US","0 wk inc flu hosp",2025-05-24,2025-05-24,"FluSight-ensemble","National","1417",1148,1729,711,2542,1689
"US","1 wk inc flu hosp",2025-05-31,2025-05-24,"FluSight-ensemble","National","1191",862,1565,454,2518,1809
"US","2 wk inc flu hosp",2025-06-07,2025-05-24,"FluSight-ensemble","National","998",813,1439,324,2945,1497
"US","3 wk inc flu hosp",2025-06-14,2025-05-24,"FluSight-ensemble","National","880",443,1381,154,3071,1456
"US","0 wk inc flu hosp",2025-05-31,2025-05-31,"FluSight-ensemble","National","1463",1126,1710,752,2540,1809
"US","1 wk inc flu hosp",2025-06-07,2025-05-31,"FluSight-ensemble","National","1263",1022,1569,689,2501,1497
"US","2 wk inc flu hosp",2025-06-14,2025-05-31,"FluSight-ensemble","National","1099",835,1450,382,2721,1456
"US","3 wk inc flu hosp",2025-06-21,2025-05-31,"FluSight-ensemble","National","972",483,1613,175,2901,1324
